{"_meta": {"source": "results/metrics.json", "note": "Retrospective benchmark on public data where the top materials were already known; this replays saved runs, it does not run new discovery."}, "domains": {"superconductor": {"dataset": "UCI Superconductivty Data (Hamidieh 2018, id 464)", "target": "critical_temp (Tc)", "units": "K", "pool_size": 3000, "n_topk": 150, "n_seeds": 5, "acq_to_half_target": 75, "strategies": {"random": {"n_labeled": [150.0, 180.0, 210.0, 240.0, 270.0, 300.0, 330.0, 360.0, 390.0, 420.0, 450.0, 480.0, 510.0], "hits_mean": [0.0, 2.4, 4.6, 5.4, 7.2, 8.8, 10.4, 12.0, 13.8, 15.0, 17.4, 20.4, 22.4], "hits_ci95": [0.0, 2.0179435076334515, 1.3293366766925523, 1.466729695615385, 2.1825636302293683, 2.729964102328087, 2.5252833504381242, 2.4004999479275146, 1.9002905041072007, 1.753077294359835, 2.2857331427793577, 1.176, 0.7839999999999999], "hits_per_seed": [[0, 1, 5, 5, 5, 6, 8, 9, 13, 15, 21, 22, 22], [0, 2, 4, 6, 8, 11, 11, 13, 16, 17, 19, 21, 22], [0, 6, 7, 8, 11, 13, 15, 16, 16, 17, 17, 21, 22], [0, 0, 3, 4, 7, 8, 10, 12, 13, 13, 15, 19, 24], [0, 3, 4, 4, 5, 6, 8, 10, 11, 13, 15, 19, 22]], "enrichment": 0.878, "enrichment_ci95": 0.031, "audc": 0.071, "acq_to_half_hits": null, "hit_ratio_vs_random": 1.0}, "greedy": {"n_labeled": [150.0, 180.0, 210.0, 240.0, 270.0, 300.0, 330.0, 360.0, 390.0, 420.0, 450.0, 480.0, 510.0], "hits_mean": [0.0, 17.0, 34.6, 52.2, 68.4, 84.4, 95.6, 103.6, 110.0, 115.8, 120.2, 124.2, 128.6], "hits_ci95": [0.0, 5.781169431871029, 4.7446576272688, 7.922862109111833, 7.903443300233133, 6.339016958488122, 5.767864076068367, 9.330094104562933, 8.610625993503607, 8.439387655511505, 8.416596937004883, 6.829130544952263, 6.7499167402272455], "hits_per_seed": [[0, 26, 37, 61, 75, 84, 98, 111, 116, 121, 124, 124, 127], [0, 15, 31, 54, 72, 87, 96, 105, 107, 111, 112, 123, 131], [0, 21, 38, 53, 74, 94, 105, 116, 122, 127, 129, 131, 134], [0, 14, 40, 56, 68, 83, 91, 96, 109, 118, 128, 131, 135], [0, 9, 27, 37, 53, 74, 88, 90, 96, 102, 108, 112, 116]], "enrichment": 5.043, "enrichment_ci95": 0.265, "audc": 0.55, "acq_to_half_hits": 300.0, "hit_ratio_vs_random": 5.743}, "ucb": {"n_labeled": [150.0, 180.0, 210.0, 240.0, 270.0, 300.0, 330.0, 360.0, 390.0, 420.0, 450.0, 480.0, 510.0], "hits_mean": [0.0, 13.2, 28.0, 47.8, 63.0, 75.8, 88.6, 96.8, 105.8, 112.2, 119.0, 122.2, 126.6], "hits_ci95": [0.0, 7.626389971670736, 10.371345139373194, 11.094361811298565, 10.389848892067679, 6.241299864611538, 4.4089109766471815, 7.8252861928494335, 7.131814916274817, 9.03302739949348, 11.678047782056725, 11.214900088721254, 11.201189936787966], "hits_per_seed": [[0, 25, 38, 62, 76, 83, 91, 99, 110, 118, 124, 127, 131], [0, 10, 25, 52, 71, 82, 96, 109, 116, 124, 133, 133, 133], [0, 18, 31, 34, 57, 77, 87, 100, 108, 114, 121, 125, 130], [0, 11, 37, 56, 65, 70, 83, 88, 98, 108, 120, 126, 135], [0, 2, 9, 35, 46, 67, 86, 88, 97, 97, 97, 100, 104]], "enrichment": 4.965, "enrichment_ci95": 0.439, "audc": 0.52, "acq_to_half_hits": 306.0, "hit_ratio_vs_random": 5.652}, "thompson": {"n_labeled": [150.0, 180.0, 210.0, 240.0, 270.0, 300.0, 330.0, 360.0, 390.0, 420.0, 450.0, 480.0, 510.0], "hits_mean": [0.0, 5.0, 13.4, 23.0, 35.0, 47.8, 61.8, 72.2, 81.2, 90.2, 97.0, 103.0, 108.0], "hits_ci95": [0.0, 2.5555273428394383, 6.216630598644252, 7.540270552175166, 5.814299613883, 6.179442046010303, 6.271999999999999, 7.0777442734249725, 7.104831032473608, 8.208633503817795, 7.254648165142125, 7.985647124685638, 7.359793475363285], "hits_per_seed": [[0, 3, 8, 19, 32, 49, 62, 78, 84, 88, 95, 99, 102], [0, 1, 5, 11, 26, 41, 58, 70, 81, 95, 101, 108, 112], [0, 8, 20, 33, 44, 55, 70, 78, 90, 99, 106, 114, 118], [0, 6, 13, 23, 37, 54, 67, 76, 83, 94, 99, 104, 111], [0, 7, 21, 29, 36, 40, 52, 59, 68, 75, 84, 90, 97]], "enrichment": 4.235, "enrichment_ci95": 0.289, "audc": 0.38, "acq_to_half_hits": 378.0, "hit_ratio_vs_random": 4.825}, "ei": {"n_labeled": [150.0, 180.0, 210.0, 240.0, 270.0, 300.0, 330.0, 360.0, 390.0, 420.0, 450.0, 480.0, 510.0], "hits_mean": [0.0, 13.0, 29.6, 49.4, 63.8, 75.0, 85.0, 90.6, 97.4, 103.6, 109.0, 114.4, 119.0], "hits_ci95": [0.0, 7.385845923115374, 11.235433948005745, 11.320590797303822, 11.847871707610611, 5.5437171645025325, 4.064342505252233, 5.598879887977593, 6.749916740227245, 6.834753543471775, 6.98486363503254, 8.734653742421619, 10.352808314655496], "hits_per_seed": [[0, 25, 38, 62, 72, 77, 80, 88, 94, 108, 114, 118, 122], [0, 10, 25, 52, 75, 79, 92, 102, 111, 114, 118, 124, 126], [0, 16, 38, 49, 68, 81, 87, 88, 93, 96, 107, 113, 119], [0, 12, 38, 56, 63, 73, 83, 87, 96, 104, 109, 119, 129], [0, 2, 9, 28, 41, 65, 83, 88, 93, 96, 97, 98, 99]], "enrichment": 4.667, "enrichment_ci95": 0.406, "audc": 0.495, "acq_to_half_hits": 306.0, "hit_ratio_vs_random": 5.311}, "max_var": {"n_labeled": [150.0, 180.0, 210.0, 240.0, 270.0, 300.0, 330.0, 360.0, 390.0, 420.0, 450.0, 480.0, 510.0], "hits_mean": [0.0, 7.6, 8.4, 10.8, 16.0, 28.8, 38.4, 53.2, 55.6, 60.0, 64.0, 68.6, 75.0], "hits_ci95": [0.0, 5.207849460189877, 5.834087417925788, 6.800945816575808, 10.93040529898137, 20.087848665300122, 17.29470948006933, 13.241247071178757, 13.61600587543939, 14.242067265674601, 14.282470374553556, 13.039525144728238, 11.87378288499499], "hits_per_seed": [[0, 14, 17, 23, 27, 54, 54, 70, 72, 74, 75, 77, 89], [0, 3, 4, 7, 7, 19, 42, 51, 56, 59, 66, 68, 73], [0, 14, 14, 14, 32, 53, 60, 67, 69, 75, 76, 77, 80], [0, 5, 5, 5, 8, 9, 17, 35, 35, 35, 36, 43, 53], [0, 2, 2, 5, 6, 9, 19, 43, 46, 57, 67, 78, 80]], "enrichment": 2.941, "enrichment_ci95": 0.466, "audc": 0.249, "acq_to_half_hits": 450.0, "hit_ratio_vs_random": 3.369}}, "calibration": {"reliability": {"nominal": [0.05, 0.1, 0.15, 0.2, 0.25, 0.3, 0.35, 0.39999999999999997, 0.44999999999999996, 0.49999999999999994, 0.5499999999999999, 0.6, 0.65, 0.7, 0.75, 0.7999999999999999, 0.85, 0.9, 0.95], "empirical_single": [0.05205393540294763, 0.09407337723424271, 0.15145813734713076, 0.19724051426779554, 0.24898087174662903, 0.2982126058325494, 0.3486986516149263, 0.4010661649419881, 0.4531201003449357, 0.5111320163060521, 0.5666353088742553, 0.6252743806835999, 0.6820319849482597, 0.7322044528065225, 0.7848855440576984, 0.8344308560677328, 0.8726873628096582, 0.9143932267168391, 0.9523361555346503], "empirical_ensemble": [0.055816870492317344, 0.10787080589526497, 0.16400125431169646, 0.22514894951395423, 0.2756349952963311, 0.3336469112574475, 0.39416745061147695, 0.4484164314832236, 0.5010975227343994, 0.550642834744434, 0.6127312637190342, 0.6691752900595798, 0.7206020696142992, 0.7673251803073063, 0.8200062715584823, 0.8585763562245218, 0.8971464408905613, 0.9285042333019755, 0.9582941360928191]}, "single": {"ece": 0.021949464441913813, "r2": 0.8430210199288144, "spearman": 0.704806840752292}, "ensemble": {"ece": 0.03650740208941924, "r2": 0.8590679339723073, "spearman": 0.7448058788713569}, "single_recal_ece": 0.012975854499843209, "ensemble_recal_ece": 0.007997227310986784, "mean_aleatoric": 152.42752380371093, "mean_epistemic": 14.289383888244629, "n_test": 3189, "n_seeds": 5}}, "molecular": {"dataset": "MoleculeNet ESOL / Delaney aqueous solubility", "target": "measured log solubility", "units": "log(mol/L)", "pool_size": 959, "n_topk": 48, "n_seeds": 5, "acq_to_half_target": 24, "strategies": {"random": {"n_labeled": [48.0, 67.0, 86.0, 105.0, 124.0, 143.0, 162.0, 181.0, 200.0, 219.0, 238.0, 257.0, 276.0], "hits_mean": [0.0, 1.4, 2.8, 4.8, 5.8, 6.4, 7.2, 8.2, 9.4, 10.0, 11.4, 12.0, 12.8], "hits_ci95": [0.0, 0.9994078246641858, 1.3001169178193166, 1.6860557523403548, 2.092707337398137, 2.600233835638633, 2.6586733533851046, 1.998815649328371, 1.9203999583420115, 1.8594192641790066, 2.200094543423077, 2.3191032749750495, 2.9982234739925575], "hits_per_seed": [[0, 3, 5, 8, 9, 11, 12, 12, 13, 13, 15, 16, 18], [0, 1, 2, 4, 4, 5, 6, 7, 9, 10, 11, 11, 11], [0, 1, 1, 3, 3, 3, 4, 6, 7, 7, 8, 9, 9], [0, 2, 3, 4, 6, 6, 6, 8, 9, 10, 12, 13, 14], [0, 0, 3, 5, 7, 7, 8, 8, 9, 10, 11, 11, 12]],